<?xml version="1.0" encoding="UTF-8" ?>

<!DOCTYPE struts PUBLIC "-//Apache Software Foundation//DTD Struts Configuration 2.1//EN" "http://struts.apache.org/dtds/struts-2.1.dtd">
<struts>

<package name="default" namespace="/action" extends="struts-default">

<action name="bookAdd" class="crud.bookAdd">
		
<result name="Success">../bookList.jsp</result>
		
<result name="Error">../Error.jsp</result>
	
</action>
	
<action name="bookEdit" class="crud.bookEdit">
		
<result name="Success">../bookList.jsp</result>
		
<result name="Error">../Error.jsp</result>
	
</action>

<action name="bookDelete" class="crud.bookDelete">
		
<result name="Success">../bookList.jsp</result>
		
<result name="Error">../Error.jsp</result>
	
</action>

</package>

</struts>    
